{
	"portfolio": {

		"page_title": {
			"title": "portfolio",
			"description": "Break Through Self Doubt And Fear"
		},
		"works_fatured": {
			"section_class": "carousel stories",
			"heading_title": "Featured dishes",
			"link": "/portfolio/single.html",
			"images_folder": "slider/carousel/stories/",
			"show_image": true,
			"show_title": true,
			"show_categories": true,
			"show_text": false,
			"works": [
				{
					"image_src": "1.png",
					"title": "Roasted Chicken",
					"categories": ["Breakfast"],
					"text": "Fuidhir pinnately Gothicize impolite backcap soiree bookmate clan unkenning unnaturality."
				},
				{
					"image_src": "2.png",
					"title": "Tasty Drink",
					"categories": ["Drinks,", "Foods"],
					"text": "Fuidhir pinnately Gothicize impolite backcap soiree bookmate clan unkenning unnaturality."
				},
				{
					"image_src": "3.png",
					"title": "Sea Foods",
					"categories": ["Desserts"],
					"text": "Fuidhir pinnately Gothicize impolite backcap soiree bookmate clan unkenning unnaturality."
				}
			]
		},
		"works": {
			"section_class": "works-list",
			"heading_title": "Our Menu",
			"categories_filter": [
				{ "title": "show all", "filters": "*" },
				{ "title": "breakfast", "filters": ".breakfast" },
				{ "title": "drinks", "filters": ".drinks" },
				{ "title": "dishes", "filters": ".dishes" }
			],
			"link": "/portfolio/single.html",
			"images_folder": "portfolio/",
			"show_image": true,
			"show_title": true,
			"show_categories": true,
			"show_text": false,
			"list": [
				{
					"image_src": "1.png",
					"title": "fresh ingredients",
					"categories": ["breakfast"],
					"text": "Fuidhir pinnately Gothicize impolite backcap soiree bookmate clan unkenning unnaturality."
				},
				{
					"image_src": "2.png",
					"title": "delicious food",
					"categories": ["dishes"],
					"text": "Fuidhir pinnately Gothicize impolite backcap soiree bookmate clan unkenning unnaturality."
				},
				{
					"image_src": "3.png",
					"title": "sea foods",
					"categories": ["drinks"],
					"text": "Fuidhir pinnately Gothicize impolite backcap soiree bookmate clan unkenning unnaturality."
				},
				{
					"image_src": "4.png",
					"title": "roasted chicken",
					"categories": ["chickens"],
					"text": "Fuidhir pinnately Gothicize impolite backcap soiree bookmate clan unkenning unnaturality."
				},
				{
					"image_src": "5.png",
					"title": "tasty drink",
					"categories": ["drinks"],
					"text": "Fuidhir pinnately Gothicize impolite backcap soiree bookmate clan unkenning unnaturality."
				},
				{
					"image_src": "6.png",
					"title": "breakfast dish",
					"categories": ["breakfast"],
					"text": "Fuidhir pinnately Gothicize impolite backcap soiree bookmate clan unkenning unnaturality."
				}
			]
		},
		"works_2": {
			"section_class": "works-list",
			"heading_title": "Our Works",
			"categories_filter": [
				{ "title": "show all", "filters": "*" },
				{ "title": "breakfast", "filters": ".breakfast" },
				{ "title": "drinks", "filters": ".drinks" },
				{ "title": "dishes", "filters": ".dishes" }
			],
			"link": "/portfolio/single.html",
			"images_folder": "portfolio/",
			"show_image": true,
			"show_title": true,
			"show_categories": true,
			"show_text": false,
			"list": [
				{
					"image_src": "8.png",
					"title": "Roasted Chicken",
					"categories": ["breakfast"],
					"text": "Fuidhir pinnately Gothicize impolite backcap soiree bookmate clan unkenning unnaturality."
				},
				{
					"image_src": "7.png",
					"title": "tasty drink",
					"categories": ["drinks"],
					"text": "Fuidhir pinnately Gothicize impolite backcap soiree bookmate clan unkenning unnaturality."
				},
				{
					"image_src": "9.png",
					"title": "sea foods",
					"categories": ["breakfast"],
					"text": "Fuidhir pinnately Gothicize impolite backcap soiree bookmate clan unkenning unnaturality."
				},
				{
					"image_src": "8.png",
					"title": "tasty drink",
					"categories": ["breakfast"],
					"text": "Fuidhir pinnately Gothicize impolite backcap soiree bookmate clan unkenning unnaturality."
				},
				{
					"image_src": "7.png",
					"title": "sea foods",
					"categories": ["dishes"],
					"text": "Fuidhir pinnately Gothicize impolite backcap soiree bookmate clan unkenning unnaturality."
				},
				{
					"image_src": "9.png",
					"title": "Roasted Chicken",
					"categories": ["breakfast"],
					"text": "Fuidhir pinnately Gothicize impolite backcap soiree bookmate clan unkenning unnaturality."
				},
				{
					"image_src": "8.png",
					"title": "tasty drink",
					"categories": ["breakfast"],
					"text": "Fuidhir pinnately Gothicize impolite backcap soiree bookmate clan unkenning unnaturality."
				},
				{
					"image_src": "7.png",
					"title": "sea foods",
					"categories": ["dishes"],
					"text": "Fuidhir pinnately Gothicize impolite backcap soiree bookmate clan unkenning unnaturality."
				}
			]
		},
		"works_4": {
			"section_class": "works-list",
			"heading_title": "Our Works",
			"categories_filter": [
				{ "title": "show all", "filters": "*" },
				{ "title": "breakfast", "filters": ".breakfast" },
				{ "title": "drinks", "filters": ".drinks" },
				{ "title": "dishes", "filters": ".dishes" }
			],
			"link": "/portfolio/single.html",
			"images_folder": "portfolio/",
			"show_image": true,
			"show_title": true,
			"show_categories": true,
			"show_text": false,
			"list": [
				{
					"image_src": "1.png",
					"title": "Roasted Chicken",
					"categories": ["breakfast"],
					"text": "Fuidhir pinnately Gothicize impolite backcap soiree bookmate clan unkenning unnaturality."
				},
				{
					"image_src": "2.png",
					"title": "tasty drink",
					"categories": ["drinks"],
					"text": "Fuidhir pinnately Gothicize impolite backcap soiree bookmate clan unkenning unnaturality."
				},
				{
					"image_src": "3.png",
					"title": "sea foods",
					"categories": ["breakfast"],
					"text": "Fuidhir pinnately Gothicize impolite backcap soiree bookmate clan unkenning unnaturality."
				},
				{
					"image_src": "4.png",
					"title": "tasty drink",
					"categories": ["breakfast"],
					"text": "Fuidhir pinnately Gothicize impolite backcap soiree bookmate clan unkenning unnaturality."
				},
				{
					"image_src": "5.png",
					"title": "sea foods",
					"categories": ["dishes"],
					"text": "Fuidhir pinnately Gothicize impolite backcap soiree bookmate clan unkenning unnaturality."
				},
				{
					"image_src": "6.png",
					"title": "Roasted Chicken",
					"categories": ["breakfast"],
					"text": "Fuidhir pinnately Gothicize impolite backcap soiree bookmate clan unkenning unnaturality."
				},
				{
					"image_src": "1.png",
					"title": "Roasted Chicken",
					"categories": ["breakfast"],
					"text": "Fuidhir pinnately Gothicize impolite backcap soiree bookmate clan unkenning unnaturality."
				},
				{
					"image_src": "2.png",
					"title": "tasty drink",
					"categories": ["drinks"],
					"text": "Fuidhir pinnately Gothicize impolite backcap soiree bookmate clan unkenning unnaturality."
				},
				{
					"image_src": "3.png",
					"title": "sea foods",
					"categories": ["breakfast"],
					"text": "Fuidhir pinnately Gothicize impolite backcap soiree bookmate clan unkenning unnaturality."
				},
				{
					"image_src": "4.png",
					"title": "tasty drink",
					"categories": ["breakfast"],
					"text": "Fuidhir pinnately Gothicize impolite backcap soiree bookmate clan unkenning unnaturality."
				},
				{
					"image_src": "5.png",
					"title": "sea foods",
					"categories": ["dishes"],
					"text": "Fuidhir pinnately Gothicize impolite backcap soiree bookmate clan unkenning unnaturality."
				},
				{
					"image_src": "6.png",
					"title": "Roasted Chicken",
					"categories": ["breakfast"],
					"text": "Fuidhir pinnately Gothicize impolite backcap soiree bookmate clan unkenning unnaturality."
				}
			]
		},
		"works_5": {
			"section_class": "works-list",
			"heading_title": "Our Works",
			"categories_filter": [
				{ "title": "show all", "filters": "*" },
				{ "title": "breakfast", "filters": ".breakfast" },
				{ "title": "drinks", "filters": ".drinks" },
				{ "title": "dishes", "filters": ".dishes" }
			],
			"link": "/portfolio/single.html",
			"images_folder": "portfolio/",
			"show_image": true,
			"show_title": true,
			"show_categories": true,
			"show_text": false,
			"list": [
				{
					"image_src": "1.png",
					"title": "Roasted Chicken",
					"categories": ["breakfast"],
					"text": "Fuidhir pinnately Gothicize impolite backcap soiree bookmate clan unkenning unnaturality."
				},
				{
					"image_src": "2.png",
					"title": "tasty drink",
					"categories": ["drinks"],
					"text": "Fuidhir pinnately Gothicize impolite backcap soiree bookmate clan unkenning unnaturality."
				},
				{
					"image_src": "3.png",
					"title": "sea foods",
					"categories": ["breakfast"],
					"text": "Fuidhir pinnately Gothicize impolite backcap soiree bookmate clan unkenning unnaturality."
				},
				{
					"image_src": "4.png",
					"title": "tasty drink",
					"categories": ["breakfast"],
					"text": "Fuidhir pinnately Gothicize impolite backcap soiree bookmate clan unkenning unnaturality."
				},
				{
					"image_src": "5.png",
					"title": "sea foods",
					"categories": ["dishes"],
					"text": "Fuidhir pinnately Gothicize impolite backcap soiree bookmate clan unkenning unnaturality."
				},
				{
					"image_src": "6.png",
					"title": "Roasted Chicken",
					"categories": ["breakfast"],
					"text": "Fuidhir pinnately Gothicize impolite backcap soiree bookmate clan unkenning unnaturality."
				},
				{
					"image_src": "1.png",
					"title": "Roasted Chicken",
					"categories": ["breakfast"],
					"text": "Fuidhir pinnately Gothicize impolite backcap soiree bookmate clan unkenning unnaturality."
				},
				{
					"image_src": "2.png",
					"title": "tasty drink",
					"categories": ["drinks"],
					"text": "Fuidhir pinnately Gothicize impolite backcap soiree bookmate clan unkenning unnaturality."
				},
				{
					"image_src": "3.png",
					"title": "sea foods",
					"categories": ["breakfast"],
					"text": "Fuidhir pinnately Gothicize impolite backcap soiree bookmate clan unkenning unnaturality."
				},
				{
					"image_src": "4.png",
					"title": "tasty drink",
					"categories": ["breakfast"],
					"text": "Fuidhir pinnately Gothicize impolite backcap soiree bookmate clan unkenning unnaturality."
				},
				{
					"image_src": "5.png",
					"title": "sea foods",
					"categories": ["dishes"],
					"text": "Fuidhir pinnately Gothicize impolite backcap soiree bookmate clan unkenning unnaturality."
				},
				{
					"image_src": "6.png",
					"title": "Roasted Chicken",
					"categories": ["breakfast"],
					"text": "Fuidhir pinnately Gothicize impolite backcap soiree bookmate clan unkenning unnaturality."
				},
				{
					"image_src": "1.png",
					"title": "Roasted Chicken",
					"categories": ["breakfast"],
					"text": "Fuidhir pinnately Gothicize impolite backcap soiree bookmate clan unkenning unnaturality."
				},
				{
					"image_src": "2.png",
					"title": "tasty drink",
					"categories": ["drinks"],
					"text": "Fuidhir pinnately Gothicize impolite backcap soiree bookmate clan unkenning unnaturality."
				},
				{
					"image_src": "3.png",
					"title": "sea foods",
					"categories": ["breakfast"],
					"text": "Fuidhir pinnately Gothicize impolite backcap soiree bookmate clan unkenning unnaturality."
				}
			]
		},
		"works_9": {
			"section_class": "works-list",
			"heading_title": "Our Works",
			"categories_filter": [
				{ "title": "show all", "filters": "*" },
				{ "title": "breakfast", "filters": ".breakfast" },
				{ "title": "drinks", "filters": ".drinks" },
				{ "title": "dishes", "filters": ".dishes" }
			],
			"link": "/portfolio/single.html",
			"images_folder": "portfolio/",
			"show_image": true,
			"show_title": true,
			"show_categories": true,
			"show_text": false,
			"list": [
				{
					"image_src": "1.png",
					"title": "Roasted Chicken",
					"categories": ["breakfast"],
					"text": "Fuidhir pinnately Gothicize impolite backcap soiree bookmate clan unkenning unnaturality."
				},
				{
					"image_src": "2.png",
					"title": "tasty drink",
					"categories": ["drinks"],
					"text": "Fuidhir pinnately Gothicize impolite backcap soiree bookmate clan unkenning unnaturality."
				},
				{
					"image_src": "3.png",
					"title": "sea foods",
					"categories": ["breakfast"],
					"text": "Fuidhir pinnately Gothicize impolite backcap soiree bookmate clan unkenning unnaturality."
				},
				{
					"image_src": "4.png",
					"title": "tasty drink",
					"categories": ["breakfast"],
					"text": "Fuidhir pinnately Gothicize impolite backcap soiree bookmate clan unkenning unnaturality."
				},
				{
					"image_src": "5.png",
					"title": "sea foods",
					"categories": ["dishes"],
					"text": "Fuidhir pinnately Gothicize impolite backcap soiree bookmate clan unkenning unnaturality."
				},
				{
					"image_src": "6.png",
					"title": "Roasted Chicken",
					"categories": ["breakfast"],
					"text": "Fuidhir pinnately Gothicize impolite backcap soiree bookmate clan unkenning unnaturality."
				},
				{
					"image_src": "1.png",
					"title": "Roasted Chicken",
					"categories": ["breakfast"],
					"text": "Fuidhir pinnately Gothicize impolite backcap soiree bookmate clan unkenning unnaturality."
				},
				{
					"image_src": "2.png",
					"title": "tasty drink",
					"categories": ["drinks"],
					"text": "Fuidhir pinnately Gothicize impolite backcap soiree bookmate clan unkenning unnaturality."
				},
				{
					"image_src": "3.png",
					"title": "sea foods",
					"categories": ["breakfast"],
					"text": "Fuidhir pinnately Gothicize impolite backcap soiree bookmate clan unkenning unnaturality."
				}
			]
		},
		"masonry": {
			"section_class": "works-list",
			"heading_title": "Our Works",
			"categories_filter": [
				{ "title": "show all", "filters": "*" },
				{ "title": "breakfast", "filters": ".breakfast" },
				{ "title": "drinks", "filters": ".drinks" },
				{ "title": "dishes", "filters": ".dishes" }
			],
			"link": "/portfolio/single.html",
			"images_folder": "portfolio/",
			"show_image": true,
			"show_title": true,
			"show_categories": true,
			"show_text": false,
			"list": [
				{
					"image_src": "8.png",
					"title": "Roasted Chicken",
					"categories": ["breakfast"],
					"text": "Fuidhir pinnately Gothicize impolite backcap soiree bookmate clan unkenning unnaturality."
				},
				{
					"image_src": "14.png",
					"title": "tasty drink",
					"categories": ["drinks"],
					"text": "Fuidhir pinnately Gothicize impolite backcap soiree bookmate clan unkenning unnaturality."
				},
				{
					"image_src": "10.png",
					"title": "sea foods",
					"categories": ["breakfast"],
					"text": "Fuidhir pinnately Gothicize impolite backcap soiree bookmate clan unkenning unnaturality."
				},
				{
					"image_src": "7.png",
					"title": "tasty drink",
					"categories": ["breakfast"],
					"text": "Fuidhir pinnately Gothicize impolite backcap soiree bookmate clan unkenning unnaturality."
				},
				{
					"image_src": "11.png",
					"title": "sea foods",
					"categories": ["dishes"],
					"text": "Fuidhir pinnately Gothicize impolite backcap soiree bookmate clan unkenning unnaturality."
				},
				{
					"image_src": "12.png",
					"title": "Roasted Chicken",
					"categories": ["breakfast"],
					"text": "Fuidhir pinnately Gothicize impolite backcap soiree bookmate clan unkenning unnaturality."
				},
				{
					"image_src": "8.png",
					"title": "Roasted Chicken",
					"categories": ["drinks"],
					"text": "Fuidhir pinnately Gothicize impolite backcap soiree bookmate clan unkenning unnaturality."
				}
			]
		},
		"masonry_2": {
			"section_class": "works-list",
			"heading_title": "Our Works",
			"categories_filter": [
				{ "title": "show all", "filters": "*" },
				{ "title": "breakfast", "filters": ".breakfast" },
				{ "title": "drinks", "filters": ".drinks" },
				{ "title": "dishes", "filters": ".dishes" }
			],
			"link": "/portfolio/single.html",
			"images_folder": "portfolio/",
			"show_image": true,
			"show_title": true,
			"show_categories": true,
			"show_text": false,
			"list": [
				{
					"image_src": "1.png",
					"title": "Roasted Chicken",
					"categories": ["breakfast"],
					"text": "Fuidhir pinnately Gothicize impolite backcap soiree bookmate clan unkenning unnaturality."
				},
				{
					"image_src": "14.png",
					"title": "tasty drink",
					"categories": ["drinks"],
					"text": "Fuidhir pinnately Gothicize impolite backcap soiree bookmate clan unkenning unnaturality."
				},
				{
					"image_src": "5.png",
					"title": "sea foods",
					"categories": ["breakfast"],
					"text": "Fuidhir pinnately Gothicize impolite backcap soiree bookmate clan unkenning unnaturality."
				},
				{
					"image_src": "2.png",
					"title": "tasty drink",
					"categories": ["breakfast"],
					"text": "Fuidhir pinnately Gothicize impolite backcap soiree bookmate clan unkenning unnaturality."
				},
				{
					"image_src": "11.png",
					"title": "sea foods",
					"categories": ["dishes"],
					"text": "Fuidhir pinnately Gothicize impolite backcap soiree bookmate clan unkenning unnaturality."
				},
				{
					"image_src": "3.png",
					"title": "sea foods",
					"categories": ["dishes"],
					"text": "Fuidhir pinnately Gothicize impolite backcap soiree bookmate clan unkenning unnaturality."
				},
				{
					"image_src": "12.png",
					"title": "Roasted Chicken",
					"categories": ["breakfast"],
					"text": "Fuidhir pinnately Gothicize impolite backcap soiree bookmate clan unkenning unnaturality."
				},
				{
					"image_src": "4.png",
					"title": "Roasted Chicken",
					"categories": ["drinks"],
					"text": "Fuidhir pinnately Gothicize impolite backcap soiree bookmate clan unkenning unnaturality."
				},
				{
					"image_src": "10.png",
					"title": "sea foods",
					"categories": ["dishes"],
					"text": "Fuidhir pinnately Gothicize impolite backcap soiree bookmate clan unkenning unnaturality."
				}
			]
		},
		"subscribe": {
			"section_class": "subscribe-section",
			"heading_title": "Stay in touch",
			"text": "We think in different ways and our thinking is decided by many factors. Some are known.",
			"input_placeholder": "Your Email Address",
			"button": {
				"text": "Sign Up!",
				"link": "#"
			}
		}

	}
}