{
	"global": {
		"site_title": "مطعم شرقى",
		"template_title": "Joo - Niche Multi-Purpose HTML Template",
		"more_text": {
			"more": "المزيد",
			"about": "المزيد عن",
			"read": "أكمل القراءة"
		},
		"images_root": "/assets/images/",
		"pagination": {
			"separate_next_prev": true,
			"hide_disabled_next_prev": true,
			"list": [
				{ "type": "previous", "text": "Prev", "link": "#", "disabled": false },
				{ "text": "1", "link": "#", "current": false },
				{ "text": "2", "link": "#", "current": true, "disabled": false },
				{ "text": "3", "link": "#", "current": false, "disabled": false },
				{ "type": "dots", "text": "...", "link": "#" },
				{ "text": "11", "link": "#", "current": false, "disabled": false },
				{ "text": "12", "link": "#", "current": false, "disabled": false },
				{ "type": "next", "text": "Next", "link": "#" }
			]
		},
		"comment_reply": "reply"
	},
	"header": {
		"logo": {
			"image_src": "",
			"text": {
				"left": "مطعم شرقى",
				"right": ""
			}
		},
		"logo_left": {
			"image_src": "",
			"text": {
				"right": "مطعم شرقى"
			}
		},
		"logo_right": {
			"image_src": "",
			"text": {
				"left": "مطعم شرقى"
			}
		},
		"logo_center_menu": {
			"image_src": "",
			"text": {
				"left": "مطعم شرقى"
			}
		},
		"navigation": {
			"menu_left": [
				{ "title": "الرئيسية", "url": "/", "icon": "icon-home", "class": "mega-menu niche-templates",
					"items": [
						{ "title": "إبداعى 01", "image": "/demos/creative-1.png", "url": "https://themes.jozoor.com/html/joo/creative/01/rtl/" },
						{ "title": "شركات 01", "image": "/demos/corporate-1.png", "url": "https://themes.jozoor.com/html/joo/corporate/01/rtl/" },
						{ "title": "مطعم برجر", "image": "/demos/entertainment-2.png", "url": "https://themes.jozoor.com/html/joo/entertainment/02/rtl/" },
						{ "title": "حفل زفاف", "image": "/demos/wedding-1.png", "url": "https://themes.jozoor.com/html/joo/wedding/01/rtl/" },
						{ "title": "شركات 02", "image": "/demos/corporate-2.png", "url": "https://themes.jozoor.com/html/joo/corporate/02/rtl/" },
						{ "title": "صالون حلاقة", "image": "/demos/entertainment-3.png", "url": "https://themes.jozoor.com/html/joo/entertainment/03/rtl/" },
						{ "title": "شركة شحن", "image": "/demos/corporate-3.png", "url": "https://themes.jozoor.com/html/joo/corporate/03/rtl/" },
						{ "title": "مطعم 01", "image": "/demos/entertainment-1.png", "url": "https://themes.jozoor.com/html/joo/entertainment/01/rtl/", "active": true },
						{ "title": "منظم حفلات", "image": "/demos/wedding-2.png", "url": "https://themes.jozoor.com/html/joo/wedding/02/rtl/" },
						{ "title": "شركة شحن 02", "image": "/demos/corporate-4.png", "url": "https://themes.jozoor.com/html/joo/corporate/04/rtl/" },
						{ "title": "إبداعى 02", "image": "/demos/creative-2.png", "url": "https://themes.jozoor.com/html/joo/creative/02/rtl/" },
						{ "title": "فساتين الزفاف", "image": "/demos/wedding-3.png", "url": "https://themes.jozoor.com/html/joo/wedding/03/rtl/" },
						{ "title": "إبداعى 03", "image": "/demos/creative-3.png", "url": "https://themes.jozoor.com/html/joo/creative/03/rtl/" },
						{ "title": "تحت الإنشاء", "image": "/demos/specialty-1.png", "url": "https://themes.jozoor.com/html/joo/specialty/01/rtl/" }
					]
				},
				{ "title": "المميزات", "url": "/features/", "icon": "icon-star",
					"items": [
						{ "title": "header", "url": "javascript:void(0);",
							"mark": { "text": "wow", "class": "is-secondary" },
							"items": [
								{ "title": "logo center", "url": "/features/header/logo-center.html", "mark": { "text": "old", "class": "is-secondary" } },
								{ "title": "logo left", "url": "/features/header/logo-left.html", "mark": { "text": "new", "class": "is-success" } },
								{ "title": "logo right", "url": "/features/header/logo-right.html", "mark": { "text": "hot", "class": "is-danger" } },
								{ "title": "logo & menu center", "url": "/features/header/logo-center-menu-center.html" },
								{ "title": "logo top", "url": "/features/header/logo-top.html", "mark": { "text": "hot", "class": "is-warning" },
									"items": [
										{ "title": "& menu with icons", "url": "/features/header/logo-top-menu-with-icons.html" },
										{ "title": "& logo with icons", "url": "/features/header/logo-top-with-icons.html" }
									]
								},
								{ "title": "menu with buttons", "url": "/features/header/menu-with-buttons.html",
									"items": [
										{ "title": "& menu center", "url": "/features/header/menu-center-with-buttons.html" },
										{ "title": "& menu left", "url": "/features/header/menu-left-with-buttons.html" }
									]
								},
								{ "title": "menu with icons", "url": "/features/header/menu-with-icons.html",
									"items": [
										{ "title": "menu with icons 2", "url": "/features/header/menu-with-icons-2.html" },
										{ "title": "search default style", "url": "/features/header/menu-with-icons-2-search-default.html" },
										{ "title": "& menu center", "url": "/features/header/menu-center-with-icons.html" },
										{ "title": "& menu left", "url": "/features/header/menu-left-with-icons.html" }
									]
								},
								{ "title": "language switcher", "url": "/features/header/menu-with-language-switcher.html",
									"items": [
										{ "title": "switcher on click", "url": "/features/header/menu-with-language-switcher-click.html" },
										{ "title": "language switcher 2", "url": "/features/header/menu-with-language-switcher-2.html" }
									]
								},
								{ "title": "menu top", "url": "/features/header/menu-top.html",
									"items": [
										{ "title": "& logo with icons", "url": "/features/header/menu-top-logo-with-icons.html" }
									]
								},
								{ "title": "styles", "url": "javascript:void(0);",
									"items": [
										{ "title": "full width", "url": "/features/header/styles/full-width.html",
											"items": [
												{ "title": "transparent", "url": "/features/header/styles/full-width-transparent.html" },
												{ "title": "transparent border", "url": "/features/header/styles/full-width-transparent-border.html" },
												{ "title": "background primary", "url": "/features/header/styles/full-width-background-primary.html" },
												{ "title": "background dark", "url": "/features/header/styles/full-width-background-dark.html" }
											]
										},
										{ "title": "transparent", "url": "/features/header/styles/transparent.html",
											"items": [
												{ "title": "transparent overlay", "url": "/features/header/styles/transparent-overlay.html" }
											]
										},
										{ "title": "background color", "url": "/features/header/styles/background-primary-color.html",
											"items": [
												{ "title": "primary color", "url": "/features/header/styles/background-primary-color.html" },
												{ "title": "dark color", "url": "/features/header/styles/background-dark-color.html" }
											]
										},
										{ "title": "center overlay", "url": "/features/header/styles/center-overlay.html" },

										{ "title": "menu", "url": "javascript:void(0);",

											"items": [
												{ "title": "dropdown icon", "url": "/features/header/styles/menu-dropdown-icon.html" },
												{ "title": "with icons", "url": "/features/header/styles/menu-icons.html" },

												{ "title": "with border", "url": "/features/header/styles/menu-border-bottom.html",
													"items": [
														{ "title": "border bottom", "url": "/features/header/styles/menu-border-bottom.html" },
														{ "title": "border top", "url": "/features/header/styles/menu-border-top.html" }
													]
												},

												{ "title": "with background", "url": "/features/header/styles/menu-background-primary.html",
													"items": [
														{ "title": "primary color", "url": "/features/header/styles/menu-background-primary.html" },
														{ "title": "dark color", "url": "/features/header/styles/menu-background-dark.html" }
													]
												},

												{ "title": "with separator", "url": "/features/header/styles/menu-separator-dots.html",
													"items": [
														{ "title": "with dots", "url": "/features/header/styles/menu-separator-dots.html" },
														{ "title": "with line", "url": "/features/header/styles/menu-separator-line.html" }
													]
												}

											]
										},

										{ "title": "dropdown menu", "url": "javascript:void(0);",

											"items": [
												{ "title": "with mark", "url": "/features/header/styles/dropdown-menu-mark.html" },
												{ "title": "background primary", "url": "/features/header/styles/dropdown-menu-primary.html" },
												{ "title": "background dark", "url": "/features/header/styles/dropdown-menu-dark.html" }
											]
										}

									]
								}
							]
						},
						{ "title": "side navigation", "url": "javascript:void(0);",
							"items": [
								{ "title": "side left", "url": "/features/side-navigation/side-left.html" },
								{ "title": "side right", "url": "/features/side-navigation/side-right.html" },
								{ "title": "side mini left", "url": "/features/side-navigation/side-mini-left.html" },
								{ "title": "side mini right", "url": "/features/side-navigation/side-mini-right.html" },
								{ "title": "side mini with icons", "url": "/features/side-navigation/side-mini-with-icons.html" },
								{ "title": "side mini logo center", "url": "/features/side-navigation/side-mini-logo-center.html" },
								{ "title": "styles", "url": "javascript:void(0);",
									"items": [
										{ "title": "content align", "url": "javascript:void(0);",
											"items": [
												{ "title": "center", "url": "/features/side-navigation/styles/content-align-center.html" },
												{ "title": "right", "url": "/features/side-navigation/styles/content-align-right.html" }
											]
										},
										{ "title": "background color", "url": "javascript:void(0);",
											"items": [
												{ "title": "primary color", "url": "/features/side-navigation/styles/background-color-primary.html" },
												{ "title": "dark color", "url": "/features/side-navigation/styles/background-color-dark.html" }
											]
										},
										{ "title": "logo background", "url": "javascript:void(0);",
											"items": [
												{ "title": "primary color", "url": "/features/side-navigation/styles/logo-background-color-primary.html" },
												{ "title": "dark color", "url": "/features/side-navigation/styles/logo-background-color-dark.html" }
											]
										},
										{ "title": "menu", "url": "javascript:void(0);",

											"items": [
												{ "title": "with icons", "url": "/features/side-navigation/styles/menu-icons.html" },

												{ "title": "with background", "url": "/features/side-navigation/styles/menu-background-primary.html",
													"items": [
														{ "title": "primary color", "url": "/features/side-navigation/styles/menu-background-primary.html" },
														{ "title": "dark color", "url": "/features/side-navigation/styles/menu-background-dark.html" }
													]
												}

											]
										}
									]
								},
								{ "title": "mini styles", "url": "javascript:void(0);",
									"items": [
										{ "title": "background color", "url": "javascript:void(0);",
											"items": [
												{ "title": "primary color", "url": "/features/side-navigation/styles/mini-background-color-primary.html" },
												{ "title": "dark color", "url": "/features/side-navigation/styles/mini-background-color-dark.html" }
											]
										},
										{ "title": "logo background", "url": "javascript:void(0);",
											"items": [
												{ "title": "primary color", "url": "/features/side-navigation/styles/mini-logo-background-color-primary.html" },
												{ "title": "dark color", "url": "/features/side-navigation/styles/mini-logo-background-color-dark.html" }
											]
										}
									]
								}
							]
						},
						{ "title": "hamburger menu", "url": "javascript:void(0);",
							"items": [
								{ "title": "slide up", "url": "/features/hamburger-menu/slide-up.html",
									"items": [
										{ "title": "& icon left", "url": "/features/hamburger-menu/slide-up-icon-left.html" }
									]
								},
								{ "title": "slide down", "url": "/features/hamburger-menu/slide-down.html",
									"items": [
										{ "title": "& icon left", "url": "/features/hamburger-menu/slide-down-icon-left.html" }
									]
								},
								{ "title": "slide right", "url": "/features/hamburger-menu/slide-right.html",
									"items": [
										{ "title": "push off-canvas", "url": "/features/hamburger-menu/slide-right-push.html" },
										{ "title": "overlay full-width", "url": "/features/hamburger-menu/slide-right-overlay-full-width.html" }
									]
								},
								{ "title": "slide left", "url": "/features/hamburger-menu/slide-left.html",
									"items": [
										{ "title": "push off-canvas", "url": "/features/hamburger-menu/slide-left-push.html" },
										{ "title": "overlay full-width", "url": "/features/hamburger-menu/slide-left-overlay-full-width.html" }
									]
								},
								{ "title": "styles", "url": "javascript:void(0);",
									"items": [
										{ "title": "transparent", "url": "/features/hamburger-menu/styles/transparent.html" },
										{ "title": "icon color", "url": "javascript:void(0);",
											"items": [
												{ "title": "primary", "url": "/features/hamburger-menu/styles/icon-primary-color.html" },
												{ "title": "dark", "url": "/features/hamburger-menu/styles/icon-dark-color.html" },
												{ "title": "white", "url": "/features/hamburger-menu/styles/icon-white-color.html" }
											]
										},
										{ "title": "icon background", "url": "javascript:void(0);",
											"items": [
												{ "title": "primary color", "url": "/features/hamburger-menu/styles/icon-background-primary-color.html" },
												{ "title": "dark color", "url": "/features/hamburger-menu/styles/icon-background-dark-color.html" }
											]
										}
									]
								}
							]
						},
						{ "title": "sticky navigation", "url": "/features/sticky-navigation/show-on-scroll.html",
							"items": [
								{ "title": "show on scroll", "url": "/features/sticky-navigation/show-on-scroll.html" },
								{ "title": "hide on scroll", "url": "/features/sticky-navigation/hide-on-scroll.html" }
							]
						},
						{ "title": "one-page navigation", "url": "/features/one-page-navigation.html" },
						{ "title": "top bar", "url": "/features/top-bar/default.html",
							"mark": { "text": "new", "class": "is-primary" },
							"items": [
								{ "title": "default", "url": "/features/top-bar/default.html" },
								{ "title": "language switcher", "url": "/features/top-bar/language-switcher.html" },
								{ "title": "with menu", "url": "/features/top-bar/menu.html" },
								{ "title": "styles", "url": "javascript:void(0);",
									"items": [
										{ "title": "background color", "url": "/features/top-bar/styles/background-primary-color.html",
											"items": [
												{ "title": "primary color", "url": "/features/top-bar/styles/background-primary-color.html" },
												{ "title": "dark color", "url": "/features/top-bar/styles/background-dark-color.html" }
											]
										}
									]
								}
							]
						},
						{ "title": "sliders & intro", "url": "javascript:void(0);",
							"items": [
								{ "title": "revolution slider", "url": "/features/sliders-intro/slider-revolution.html" },
								{ "title": "flex slider", "url": "/features/sliders-intro/slider-flex.html" },
								{ "title": "owl slider", "url": "/features/sliders-intro/slider-owl.html" },
								{ "title": "image intro", "url": "/features/sliders-intro/intro-image.html" },
								{ "title": "parallax intro", "url": "/features/sliders-intro/intro-parallax.html" },
								{ "title": "gallery intro", "url": "/features/sliders-intro/intro-gallery.html" },
								{ "title": "video intro", "url": "/features/sliders-intro/intro-video.html" }
							]
						},
						{ "title": "footer", "url": "javascript:void(0);",
							"items": [
								{ "title": "default", "url": "/features/footer/default.html#footer" },
								{ "title": "widgets", "url": "/features/footer/widgets.html#footer",
									"items": [
										{ "title": "widgets 1", "url": "/features/footer/widgets.html#footer" },
										{ "title": "widgets 2", "url": "/features/footer/widgets-2.html#footer" },
										{ "title": "widgets 3", "url": "/features/footer/widgets-3.html#footer" },
										{ "title": "widgets 4", "url": "/features/footer/widgets-4.html#footer" },
										{ "title": "widgets 5", "url": "/features/footer/widgets-5.html#footer" },
										{ "title": "widgets 6", "url": "/features/footer/widgets-6.html#footer" }
									]
								},
								{ "title": "footer top", "url": "javascript:void(0);",
									"items": [
										{ "title": "instagram feed", "url": "/features/footer/top/instagram-feed.html#footer-top" },
										{ "title": "call to action", "url": "/features/footer/top/call-to-action.html#footer-top" },
										{ "title": "google map", "url": "/features/footer/top/google-map.html#footer-top" },
										{ "title": "clients", "url": "/features/footer/top/clients.html#footer-top" },
										{ "title": "subscribe", "url": "/features/footer/top/subscribe.html#footer-top" }
									]
								},
								{ "title": "footer bottom", "url": "javascript:void(0);",
									"items": [
										{ "title": "default", "url": "/features/footer/bottom/default.html#footer-bottom" },
										{ "title": "with icons", "url": "/features/footer/bottom/with-icons.html#footer-bottom" },
										{ "title": "center icons", "url": "/features/footer/bottom/with-icons-center.html#footer-bottom" },
										{ "title": "with menu", "url": "/features/footer/bottom/with-menu.html#footer-bottom" },
										{ "title": "menu & icons", "url": "/features/footer/bottom/with-menu-icons.html#footer-bottom" }
									]
								},
								{ "title": "styles", "url": "javascript:void(0);",
									"items": [
										{ "title": "background color", "url": "/features/footer/styles/background-primary-color.html#footer",
											"items": [
												{ "title": "primary color", "url": "/features/footer/styles/background-primary-color.html#footer" },
												{ "title": "dark color", "url": "/features/footer/styles/background-dark-color.html#footer" }
											]
										},
										{ "title": "footer reveal", "url": "/features/footer/styles/footer-reveal.html" }
									]
								}
							]
						},
						{ "title": "page title", "url": "javascript:void(0);",
							"items": [
								{ "title": "center alignment", "url": "/features/page-title/center-alignment.html",
									"items": [
										{ "title": "with breadcrumb", "url": "/features/page-title/center-alignment-breadcrumb.html" },
										{ "title": "with icons", "url": "/features/page-title/center-alignment-icons.html" },
										{ "title": "with buttons", "url": "/features/page-title/center-alignment-buttons.html" }
									]
								},
								{ "title": "left alignment", "url": "/features/page-title/left-alignment.html",
									"items": [
										{ "title": "with icons", "url": "/features/page-title/left-alignment-icons.html" },
										{ "title": "with buttons", "url": "/features/page-title/left-alignment-buttons.html" }
									]
								},
								{ "title": "right alignment", "url": "/features/page-title/right-alignment.html",
									"items": [
										{ "title": "with icons", "url": "/features/page-title/right-alignment-icons.html" },
										{ "title": "with buttons", "url": "/features/page-title/right-alignment-buttons.html" }
									]
								},
								{ "title": "styles", "url": "javascript:void(0);",
									"items": [
										{ "title": "background color", "url": "javascript:void(0);",
											"items": [
												{ "title": "primary color", "url": "/features/page-title/styles/background-primary-color.html" },
												{ "title": "primary gradient", "url": "/features/page-title/styles/background-primary-color-gradient.html" },
												{ "title": "dark color", "url": "/features/page-title/styles/background-dark-color.html" },
												{ "title": "dark gradient", "url": "/features/page-title/styles/background-dark-color-gradient.html" }
											]
										},
										{ "title": "background image", "url": "/features/page-title/styles/background-image.html" },
										{ "title": "background parallax", "url": "/features/page-title/styles/background-parallax.html" },
										{ "title": "background ken burns", "url": "/features/page-title/styles/background-ken-burns.html" },
										{ "title": "background video", "url": "/features/page-title/styles/background-video.html",
											"items": [
												{ "title": "muted video", "url": "/features/page-title/styles/background-video-muted.html" }
											]
										},
										{ "title": "transparent header", "url": "/features/page-title/styles/transparent-header.html" },
										{ "title": "mini height", "url": "/features/page-title/styles/mini-height.html" },
										{ "title": "full width", "url": "/features/page-title/styles/full-width.html" }
									]
								},
								{ "title": "breadcrumb styles", "url": "javascript:void(0);",
									"items": [
										{ "title": "default separator", "url": "/features/page-title/breadcrumb-styles/default-separator.html" },
										{ "title": "bullet separator", "url": "/features/page-title/breadcrumb-styles/bullet-separator.html" },
										{ "title": "arrow separator", "url": "/features/page-title/breadcrumb-styles/arrow-separator.html" },
										{ "title": "dot separator", "url": "/features/page-title/breadcrumb-styles/dot-separator.html" },
										{ "title": "succeeds separator", "url": "/features/page-title/breadcrumb-styles/succeeds-separator.html" },
										{ "title": "with icons", "url": "/features/page-title/breadcrumb-styles/with-icons.html" }
									]
								}
							]
						},
						{ "title": "columns", "url": "javascript:void(0);",
							"items": [
								{ "title": "basics", "url": "/features/columns/basics.html" },
								{ "title": "sizes", "url": "/features/columns/sizes.html" },
								{ "title": "responsiveness", "url": "/features/columns/responsiveness.html" },
								{ "title": "nesting", "url": "/features/columns/nesting.html" },
								{ "title": "gap", "url": "/features/columns/gap.html" },
								{ "title": "options", "url": "/features/columns/options.html" }
							]
						},
						{ "title": "layout", "url": "javascript:void(0);",
							"items": [
								{ "title": "boxed", "url": "/features/layout/boxed.html" },
								{ "title": "container", "url": "/features/layout/container.html" },
								{ "title": "level", "url": "/features/layout/level.html" },
								{ "title": "media object", "url": "/features/layout/media-object.html" },
								{ "title": "hero", "url": "/features/layout/hero.html" },
								{ "title": "section", "url": "/features/layout/section.html" },
								{ "title": "tiles", "url": "/features/layout/tiles.html" }
							]
						},
						{ "title": "form", "url": "javascript:void(0);",
							"items": [
								{ "title": "general", "url": "/features/form/general.html" },
								{ "title": "input", "url": "/features/form/input.html" },
								{ "title": "tags input", "url": "/features/form/tagsinput.html" },
								{ "title": "textarea", "url": "/features/form/textarea.html" },
								{ "title": "select", "url": "/features/form/select.html" },
								{ "title": "checkbox", "url": "/features/form/checkbox.html" },
								{ "title": "radio", "url": "/features/form/radio.html" },
								{ "title": "switch", "url": "/features/form/switch.html" },
								{ "title": "slider", "url": "/features/form/slider.html" },
								{ "title": "file", "url": "/features/form/file.html" }
							]
						}
					]
				},
				{ "title": "الصفحات", "url": "/pages/", "icon": "icon-notebook",
					"items": [
						{ "title": "about", "url": "/pages/about.html",
							"items": [
								{ "title": "about 2", "url": "/pages/about-2.html" },
								{ "title": "about 3", "url": "/pages/about-3.html" }
							]
						},
						{ "title": "services", "url": "/pages/services.html",
							"items": [
								{ "title": "services 2", "url": "/pages/services-2.html" },
								{ "title": "services 3", "url": "/pages/services-3.html" }
							]
						},
						{ "title": "contact", "url": "/pages/contact.html",
							"items": [
								{ "title": "contact 2", "url": "/pages/contact-2.html" },
								{ "title": "contact 3", "url": "/pages/contact-3.html" }
							]
						},
						{ "title": "team", "url": "/pages/team.html",
							"items": [
								{ "title": "team 2", "url": "/pages/team-2.html" }
							]
						},
						{ "title": "gallery", "url": "/pages/gallery.html",
							"items": [
								{ "title": "masonry", "url": "/pages/gallery-masonry.html" },
								{ "title": "masonry justified", "url": "/pages/gallery-justified.html" },
								{ "title": "fullwidth", "url": "/pages/gallery-fullwidth.html" }
							]
						},
						{ "title": "shop", "url": "/pages/shop.html",
							"items": [
								{ "title": "single product", "url": "/pages/shop-product.html" }
							]
						},
						{ "title": "user account", "url": "javascript:void(0);",
							"items": [
								{ "title": "Login & Register", "url": "/pages/user-login.html" },
								{ "title": "my profile", "url": "/pages/user-profile.html" }
							]
						},
						{ "title": "more pages", "url": "javascript:void(0);",
							"items": [
								{ "title": "clients", "url": "/pages/clients.html" },
								{ "title": "pricing", "url": "/pages/pricing.html" },
								{ "title": "testimonials", "url": "/pages/testimonials.html" },
								{ "title": "sitemap", "url": "/pages/sitemap.html" },
								{ "title": "faqs", "url": "/pages/faqs.html" },
								{ "title": "careers", "url": "/pages/careers.html" },
								{ "title": "404", "url": "/pages/404.html" }
							]
						}
					]
				}
			],
			"menu_right": [
				{ "title": "الإعمال", "url": "/portfolio/", "icon": "icon-grid",
					"items": [
						{ "title": "grid", "url": "javascript:void(0);",
							"items": [
								{ "title": "2 columns", "url": "/portfolio/grid/columns-2.html" },
								{ "title": "3 columns", "url": "/portfolio/grid/columns-3.html" },
								{ "title": "4 columns", "url": "/portfolio/grid/columns-4.html" },
								{ "title": "5 columns", "url": "/portfolio/grid/columns-5.html" },
								{ "title": "6 columns", "url": "/portfolio/grid/columns-6.html" }
							]
						},
						{ "title": "masonry", "url": "javascript:void(0);",
							"items": [
								{ "title": "2 columns", "url": "/portfolio/masonry/columns-2.html" },
								{ "title": "3 columns", "url": "/portfolio/masonry/columns-3.html" },
								{ "title": "4 columns", "url": "/portfolio/masonry/columns-4.html" },
								{ "title": "5 columns", "url": "/portfolio/masonry/columns-5.html" },
								{ "title": "6 columns", "url": "/portfolio/masonry/columns-6.html" },
								{ "title": "justified layout", "url": "/portfolio/masonry/justified-layout.html" }
							]
						},
						{ "title": "styles", "url": "javascript:void(0);",
							"items": [
								{ "title": "style 1", "url": "/portfolio/styles/style-1.html" },
								{ "title": "style 2", "url": "/portfolio/styles/style-2.html" },
								{ "title": "style 3", "url": "/portfolio/styles/style-3.html" },
								{ "title": "style 4", "url": "/portfolio/styles/style-4.html" },
								{ "title": "style 5", "url": "/portfolio/styles/style-5.html" }
							]
						},
						{ "title": "options", "url": "javascript:void(0);",
							"items": [
								{ "title": "columns no gap", "url": "/portfolio/options/columns-no-gap.html" },
								{ "title": "fullwidth slider", "url": "/portfolio/options/fullwidth-slider.html" },
								{ "title": "scrollbar slider", "url": "/portfolio/options/fullwidth-scrollbar-slider.html" },
								{ "title": "carousel slider", "url": "/portfolio/options/carousel-slider.html" },
								{ "title": "infinite scroll", "url": "/portfolio/options/infinite-scroll.html" },
								{ "title": "load more", "url": "/portfolio/options/load-more.html" },
								{ "title": "pagination", "url": "/portfolio/options/pagination.html" },
								{ "title": "hash filter", "url": "/portfolio/options/hash-filter.html#filter=.breakfast" },
								{ "title": "filter styles", "url": "/portfolio/options/filter-styles.html" },
								{ "title": "without filter", "url": "/portfolio/options/without-filter.html" }
							]
						},
						{ "title": "layouts", "url": "javascript:void(0);",
							"items": [
								{ "title": "default", "url": "/portfolio/layouts/default.html" },
								{ "title": "right sidebar", "url": "/portfolio/layouts/right-sidebar.html" },
								{ "title": "left sidebar", "url": "/portfolio/layouts/left-sidebar.html" },
								{ "title": "fullwidth", "url": "/portfolio/layouts/fullwidth.html" },
								{ "title": "parallax", "url": "/portfolio/layouts/parallax.html" }
							]
						},
						{ "title": "single project", "url": "/portfolio/single.html",
							"items": [
								{ "title": "single 2", "url": "/portfolio/single/2.html" },
								{ "title": "single 3", "url": "/portfolio/single/3.html" },
								{ "title": "single 4", "url": "/portfolio/single/4.html" },
								{ "title": "single 5", "url": "/portfolio/single/5.html" },
								{ "title": "single 6", "url": "/portfolio/single/6.html" }
							]
						}
					]
				},
				{ "title": "المدونة", "url": "/blog/", "icon": "icon-note",
					"items": [
						{ "title": "default", "url": "javascript:void(0);",
							"items": [
								{ "title": "right sidebar", "url": "/blog/default/right-sidebar.html" },
								{ "title": "left sidebar", "url": "/blog/default/left-sidebar.html" },
								{ "title": "fullwidth", "url": "/blog/default/fullwidth.html" },
								{ "title": "style 1", "url": "/blog/default/style-1.html" },
								{ "title": "style 2", "url": "/blog/default/style-2.html" },
								{ "title": "style 3", "url": "/blog/default/style-3.html" }
							]
						},
						{ "title": "grid", "url": "/blog/grid.html" },
						{ "title": "card", "url": "/blog/card.html" },
						{ "title": "simple", "url": "/blog/simple.html" },
						{ "title": "list", "url": "/blog/list.html" },
						{ "title": "masonry", "url": "/blog/masonry.html" },
						{ "title": "timeline", "url": "/blog/timeline.html" },
						{ "title": "fullwidth", "url": "/blog/fullwidth.html" },
						{ "title": "post types", "url": "/blog/post-types.html" },
						{ "title": "single post", "url": "/blog/single.html",
							"items": [
								{ "title": "right sidebar", "url": "/blog/single/right-sidebar.html" },
								{ "title": "left sidebar", "url": "/blog/single/left-sidebar.html" },
								{ "title": "fullwidth", "url": "/blog/single/fullwidth.html" },
								{ "title": "custom layout", "url": "/blog/single/custom-layout.html" }
							]
						}
					]
				},
				{ "title": "العناصر", "url": "/elements/", "class": "mega-menu", "icon": "icon-equalizer",
					"items": [
						{ "title": "العناصر", "url": "/elements/",
							"items": [
								{ "title": "latest news", "url": "/elements/latest-news.html" },
								{ "title": "accordions", "url": "/elements/accordions.html" },
								{ "title": "breadcrumbs", "url": "/elements/breadcrumbs.html" },
								{ "title": "counters", "url": "/elements/counters.html" },
								{ "title": "subscribe", "url": "/elements/subscribe.html" },
								{ "title": "page-loader", "url": "/elements/pageloader.html" },
								{ "title": "notification", "url": "/elements/notification.html" },
								{ "title": "modal", "url": "/elements/modal.html" },
								{ "title": "backgrounds types", "url": "/elements/backgrounds-types.html" },
								{ "title": "carousel slider", "url": "/elements/carousel-slider.html" }
							]
						},
						{ "title": "العناصر", "url": "/elements/",
							"items": [
								{ "title": "team", "url": "/elements/team.html" },
								{ "title": "tabs", "url": "/elements/tabs.html" },
								{ "title": "pagination", "url": "/elements/pagination.html" },
								{ "title": "pricing tables", "url": "/elements/pricing-tables.html" },
								{ "title": "testimonials", "url": "/elements/testimonials.html" },
								{ "title": "progress bars", "url": "/elements/progress-bars.html" },
								{ "title": "card", "url": "/elements/card.html" },
								{ "title": "tables", "url": "/elements/tables.html" },
								{ "title": "google map", "url": "/elements/google-map.html" },
								{ "title": "animations", "url": "/elements/animations.html" }
							]
						},
						{ "title": "العناصر", "url": "/elements/",
							"items": [
								{ "title": "recent work", "url": "/elements/recent-work.html" },
								{ "title": "lists", "url": "/elements/lists.html" },
								{ "title": "dividers", "url": "/elements/dividers.html" },
								{ "title": "heading", "url": "/elements/heading.html" },
								{ "title": "clients", "url": "/elements/clients.html" },
								{ "title": "calendar", "url": "/elements/calendar.html" },
								{ "title": "dropdown", "url": "/elements/dropdown.html" },
								{ "title": "code highlight", "url": "/elements/code-highlight.html" },
								{ "title": "ratings", "url": "/elements/ratings.html" },
								{ "title": "notify bars & alerts", "url": "/elements/notify-bars-alerts.html" }
							]
						},
						{ "title": "العناصر", "url": "/elements/",
							"items": [
								{ "title": "lightboxes", "url": "/elements/lightboxes.html" },
								{ "title": "icons", "url": "/elements/icons.html" },
								{ "title": "tags", "url": "/elements/tags.html" },
								{ "title": "icon boxes", "url": "/elements/icon-boxes.html" },
								{ "title": "blockquotes", "url": "/elements/blockquotes.html" },
								{ "title": "timeline", "url": "/elements/timeline.html" },
								{ "title": "navigation menu", "url": "/elements/menu.html" },
								{ "title": "quickview", "url": "/elements/quickview.html" },
								{ "title": "image hover", "url": "/elements/image-hover.html" },
								{ "title": "animated typing", "url": "/elements/animated-typing.html" }
							]
						},
						{ "title": "العناصر", "url": "/elements/",
							"items": [
								{ "title": "instagram", "url": "/elements/instagram.html" },
								{ "title": "buttons", "url": "/elements/buttons.html" },
								{ "title": "badges", "url": "/elements/badges.html" },
								{ "title": "call to action", "url": "/elements/call-to-action.html" },
								{ "title": "typography", "url": "/elements/typography.html" },
								{ "title": "box", "url": "/elements/box.html" },
								{ "title": "message", "url": "/elements/message.html" },
								{ "title": "steps", "url": "/elements/steps.html" },
								{ "title": "countdown", "url": "/elements/countdown.html" },
								{ "title": "charts", "url": "/elements/charts.html" }
							]
						}
					]
				}
			]
		}
	},
	"one_page": {
		"navigation": {
			"menu": [
				{ "title": "home", "url": "#site-wrap" },
				{ "title": "welcome", "url": "#welcome" },
				{ "title": "discover", "url": "#discover" },
				{ "title": "menu", "url": "#menu" },
				{ "title": "news", "url": "#news" },
				{ "title": "book table", "url": "#book-table" }
			]
		}
	},
	"top_bar": {
		"navigation": {
			"menu": [
				{ "title": "من نحن", "url": "/pages/about.html" },
				{ "title": "الخدمات", "url": "/pages/services.html" },
				{ "title": "الأسعار", "url": "/pages/pricing.html" },
				{ "title": "اتصل بنا", "url": "/pages/contact.html" }
			]
		}
	},
	"footer": {
		"copyright": "<a href='/'>Joo</a> © <span class='current-year'></span>. جميع الحقوق محفوظة.",
		"instagram_heading_title": "انستجرام",
		"logo": {
			"image_src": "",
			"text": {
				"left": "مطعم شرقى",
				"right": ""
			}
		},
		"logo_left": {
			"image_src": "",
			"text": {
				"right": "مطعم شرقى"
			}
		},
		"logo_right": {
			"image_src": "",
			"text": {
				"left": "مطعم شرقى"
			}
		},
		"logo_center_menu": {
			"image_src": "",
			"text": {
				"left": "مطعم شرقى"
			}
		},
		"social_links": [
			{ "icon": "fab fa-facebook-f", "link": "#" },
			{ "icon": "fab fa-twitter", "link": "#" },
			{ "icon": "fab fa-instagram", "link": "#" },
			{ "icon": "fab fa-pinterest-p", "link": "#" },
			{ "icon": "fab fa-google", "link": "#" }
		],
		"navigation": {
			"menu": [
				{ "title": "الرئيسية", "url": "/" },
				{ "title": "من نحن", "url": "/pages/about.html" },
				{ "title": "الخدمات", "url": "/pages/services.html" },
				{ "title": "المشاريع", "url": "/portfolio/" },
				{ "title": "المدونة", "url": "/blog/" },
				{ "title": "اتصل بنا", "url": "/pages/contact.html" }
			]
		}
	},
	"sidebar_widgets": {
		"widgets": {
			"list": [
				{ "type": "form", "title": "", "widget": "search", "class": "widget-form" },
				{ "type": "links", "title": "categories", "widget": "categories", "class": "widget-links" },
				{ "type": "list", "title": "recent news", "widget": "posts", "class": "widget-list" },
				{ "type": "social", "title": "Follow Us", "widget": "follow", "class": "widget-social" },
				{ "type": "tags", "title": "Tags Cloud", "widget": "tags", "class": "widget-tags" },
				{ "type": "gallery", "title": "Stories", "widget": "works", "class": "widget-gallery" },
				{ "type": "html", "title": "services", "widget": "services", "class": "widget-html" },
				{ "type": "form", "title": "subscribe", "widget": "subscribe", "class": "widget-form" },
				{ "type": "instafeed", "title": "انستجرام", "widget": "instagram", "class": "widget-instafeed" }
			]
		},
		"widgets_content": {
			"categories": [
				{ "name": "foods", "posts": "4"},
				{ "name": "drinks", "posts": "2"},
				{ "name": "chickens", "posts": "3"},
				{ "name": "tasty", "posts": "5"}
			],
			"archive": [
				{ "name": "April  2018"},
				{ "name": "March 2018"},
				{ "name": "February 2018"}
			],
			"tags": [
				{ "name": "dishes"},
				{ "name": "foods"},
				{ "name": "drinks"},
				{ "name": "tasty"},
				{ "name": "chickens"}
			],
			"social_links": [
				{ "icon": "fab fa-facebook-f", "link": "#" },
				{ "icon": "fab fa-twitter", "link": "#" },
				{ "icon": "fab fa-instagram", "link": "#" },
				{ "icon": "fab fa-pinterest-p", "link": "#" },
				{ "icon": "fab fa-dribbble", "link": "#" },
				{ "icon": "fab fa-google", "link": "#" }
			],
			"works": [
				{ "image_src": "1.png" },
				{ "image_src": "2.png" },
				{ "image_src": "3.png" },
				{ "image_src": "4.png" },
				{ "image_src": "5.png" },
				{ "image_src": "6.png" }
			],
			"posts": [
				{
					"image_src": "1-1.png",
					"title": "Control Your Own Level of Motivation",
					"desc": "April 10, 2018"
				},
				{
					"image_src": "1-2.png",
					"title": "Control Your Own Level of Motivation",
					"desc": "April 14, 2018"
				}
			],
			"custom_content": [
				{ "content": "<p>The main component of a healthy environment for self esteem is that it needs be nurturing.</p><a href=\"/pages/services.html\"><img src=\"/assets/images/services/1.png\"></a>" }
			]
		}
	},
	"comment_form": {
			"form_fields": [
				{
					"field_class": "",
					"control_class": "is-expanded",
					"horizontal_fields": [],
					"class": "textarea",
					"type": "",
					"name": "textarea",
					"placeholder": "Your Comment",
					"label": "",
					"label_class": "",
					"help_text": "",
					"help_class": "",
					"disabled": false,
					"readonly": false,
					"icon_left": {
						"icon": "",
						"class": ""
					},
					"icon_right": {
						"icon": "",
						"class": ""
					},
					"textarea_rows": "",
					"select_options": [],
					"radio_options": []
				},
				{
					"field_class": "is-horizontal",
					"control_class": "",
					"label": "",
					"label_class": "is-normal",
					"horizontal_fields": [
						{
							"field_class": "",
							"control_class": "is-expanded",
							"class": "input",
							"type": "text",
							"name": "name",
							"placeholder": "Your Name *",
							"label": "",
							"label_class": "",
							"help_text": "",
							"help_class": "",
							"disabled": false,
							"readonly": false,
							"icon_left": {
								"icon": "",
								"class": ""
							},
							"icon_right": {
								"icon": "",
								"class": ""
							},
							"textarea_rows": "",
							"select_options": [],
							"radio_options": []
						},
						{
							"field_class": "",
							"control_class": "is-expanded",
							"class": "input",
							"type": "email",
							"name": "email",
							"placeholder": "Your Email *",
							"label": "",
							"label_class": "",
							"help_text": "",
							"help_class": "",
							"disabled": false,
							"readonly": false,
							"icon_left": {
								"icon": "",
								"class": ""
							},
							"icon_right": {
								"icon": "",
								"class": ""
							},
							"textarea_rows": "",
							"select_options": [],
							"radio_options": []
						}
					]
				},
				{
					"field_class": "",
					"control_class": "",
					"class": "button",
					"type": "button",
					"button_text": "post comment"
				}
			]
		},
		"comments_list": [
			{
				"author": { "name": "OLIVIA ALLISON", "avatar": "1.png" },
				"date": "APRIL 5, 2018",
				"comment_content": "Lorem ipsum dolor sit amet, consectetur adipiscing elit. Duis porta eros lacus, nec ultricies elit bland non. Suspendisse pellentesque mauris sit amet dolor blandit rutrum. Nunc in tempus turpis. Lorem ipsum dolor sit amet, consectetur adipiscing elit. Duis porta eros lacus, nec ultricies elit bland non.",
				"nested_comments": [
					{
						"author": { "name": "OLIVIA ALLISON", "avatar": "2.png" },
						"date": "APRIL 5, 2018",
						"comment_content": "Lorem ipsum dolor sit amet, consectetur adipiscing elit. Duis porta eros lacus, nec ultricies elit bland non. Suspendisse pellentesque mauris sit amet dolor blandit rutrum. Nunc in tempus turpis. Lorem ipsum dolor sit amet, consectetur adipiscing elit. Duis porta eros lacus, nec ultricies elit bland non."
					},
					{
						"author": { "name": "OLIVIA ALLISON", "avatar": "1.png" },
						"date": "APRIL 5, 2018",
						"comment_content": "Lorem ipsum dolor sit amet, consectetur adipiscing elit. Duis porta eros lacus, nec ultricies elit bland non. Suspendisse pellentesque mauris sit amet dolor blandit rutrum. Nunc in tempus turpis. Lorem ipsum dolor sit amet, consectetur adipiscing elit. Duis porta eros lacus, nec ultricies elit bland non."
					}
				]
			},
			{
				"author": { "name": "OLIVIA ALLISON", "avatar": "1.png" },
				"date": "APRIL 5, 2018",
				"comment_content": "Lorem ipsum dolor sit amet, consectetur adipiscing elit. Duis porta eros lacus, nec ultricies elit bland non. Suspendisse pellentesque mauris sit amet dolor blandit rutrum. Nunc in tempus turpis. Lorem ipsum dolor sit amet, consectetur adipiscing elit. Duis porta eros lacus, nec ultricies elit bland non.",
				"nested_comments": []
			}
		],
		"slider_revolution": {
			"slides": [
				{
					"data_transition": "crossfade",
					"image_src": "slider/1.png",
					"text": "أفضل مطعم شرقى",
					"button": "تذوق القائمة"
				},
				{
					"data_transition": "crossfade",
					"image_src": "slider/2.png",
					"text": "أفضل مطعم شرقى",
					"button": "تذوق القائمة"
				},
				{
					"data_transition": "crossfade",
					"image_src": "slider/3.png",
					"text": "أفضل مطعم شرقى",
					"button": "تذوق القائمة"
				},
				{
					"data_transition": "crossfade",
					"image_src": "slider/4.png",
					"text": "أفضل مطعم شرقى",
					"button": "تذوق القائمة"
				}
			]
		},
		"portfolio_single": {

			"page_title": {
				"title": "Mohamed & samar",
				"description": "Break Through Self Doubt And Fear"
			},
			"work_content": {
				"section_class": "portfolio-single",
				"heading_title": "",
				"show_widgets": true,
				"full_width": false,
				"widgets_top": false,
				"widgets": {
					"list": [
						{ "type": "html", "title": "description", "widget": "description", "class": "widget-html", "column_class": "is-12" },
						{ "type": "links", "title": "details", "widget": "details", "class": "widget-links", "column_class": "is-12" },
						{ "type": "html", "title": "", "widget": "button", "class": "widget-html", "column_class": "is-12" },
						{ "type": "social", "title": "Share this", "widget": "share", "class": "widget-social", "column_class": "is-12" }
					]
				},
				"widgets_content": {
					"description": "<p>The main component of a healthy environment for self esteem is that it needs be nurturing, main component of a healthy env for self esteem.</p>",
					"details": [
						{
							"icon": "icon-folder",
							"list": [
								{ "text": "foods", "link": "#" },
								{ "text": "drinks", "link": "#" }
							]
						},
						{
							"icon": "icon-tag",
							"list": [
								{ "text": "tasty", "link": "#" },
								{ "text": "breakfast", "link": "#" }
							]
						},
						{
							"icon": "icon-clock",
							"list": [
								{ "text": "April 5, 2018", "link": "" }
							]
						}
					],
					"button": "<a href=\"#\" class=\"button\">Live Stories</a>",
					"social_links": [
						{ "icon": "fab fa-facebook-f", "link": "#" },
						{ "icon": "fab fa-twitter", "link": "#" },
						{ "icon": "fab fa-pinterest-p", "link": "#" },
						{ "icon": "fab fa-google", "link": "#" },
						{ "icon": "fab fa-instagram", "link": "#" }
					]
				}
			},
			"works_navigation": {
				"section_class": "works-navigation",
				"heading_title": ""
			},
			"related_works": {
				"section_class": "related-works",
				"heading_title": "related stories",
				"categories_filter": [],
				"link": "/portfolio/single.html",
				"images_folder": "portfolio/",
				"show_image": true,
				"show_title": true,
				"show_categories": true,
				"show_text": false,
				"list": [
					{
						"image_src": "1.png",
						"title": "Roasted Chicken",
						"categories": ["breakfast"],
						"text": "Fuidhir pinnately Gothicize impolite backcap soiree bookmate clan unkenning unnaturality."
					},
					{
						"image_src": "2.png",
						"title": "tasty drink",
						"categories": ["drinks"],
						"text": "Fuidhir pinnately Gothicize impolite backcap soiree bookmate clan unkenning unnaturality."
					},
					{
						"image_src": "3.png",
						"title": "sea foods",
						"categories": ["dishes"],
						"text": "Fuidhir pinnately Gothicize impolite backcap soiree bookmate clan unkenning unnaturality."
					}
				]
			},
			"pagination": {
				"separate_next_prev": true,
				"hide_disabled_next_prev": true,
				"list": [
					{ "type": "previous", "text": "", "link": "/portfolio/single.html", "disabled": false },
					{ "text": "<i class=\"icon-grid\"></i>", "link": "/portfolio/", "current": false },
					{ "type": "next", "text": "", "link": "/portfolio/single.html" }
				]
			}

		},
		"demos": {
			"images_folder": "/assets/images/portfolio/",
			"list": [
				{ "title": "إبداعى 01", "image": "/demos/creative-1.png", "url": "https://themes.jozoor.com/html/joo/creative/01/rtl/" },
						{ "title": "شركات 01", "image": "/demos/corporate-1.png", "url": "https://themes.jozoor.com/html/joo/corporate/01/rtl/" },
						{ "title": "مطعم برجر", "image": "/demos/entertainment-2.png", "url": "https://themes.jozoor.com/html/joo/entertainment/02/rtl/" },
						{ "title": "حفل زفاف", "image": "/demos/wedding-1.png", "url": "https://themes.jozoor.com/html/joo/wedding/01/rtl/" },
						{ "title": "شركات 02", "image": "/demos/corporate-2.png", "url": "https://themes.jozoor.com/html/joo/corporate/02/rtl/" },
						{ "title": "صالون حلاقة", "image": "/demos/entertainment-3.png", "url": "https://themes.jozoor.com/html/joo/entertainment/03/rtl/" },
						{ "title": "شركة شحن", "image": "/demos/corporate-3.png", "url": "https://themes.jozoor.com/html/joo/corporate/03/rtl/" },
						{ "title": "مطعم 01", "image": "/demos/entertainment-1.png", "url": "https://themes.jozoor.com/html/joo/entertainment/01/rtl/", "active": true },
						{ "title": "منظم حفلات", "image": "/demos/wedding-2.png", "url": "https://themes.jozoor.com/html/joo/wedding/02/rtl/" },
						{ "title": "شركة شحن 02", "image": "/demos/corporate-4.png", "url": "https://themes.jozoor.com/html/joo/corporate/04/rtl/" },
						{ "title": "إبداعى 02", "image": "/demos/creative-2.png", "url": "https://themes.jozoor.com/html/joo/creative/02/rtl/" },
						{ "title": "فساتين الزفاف", "image": "/demos/wedding-3.png", "url": "https://themes.jozoor.com/html/joo/wedding/03/rtl/" },
						{ "title": "تحت الإنشاء", "image": "/demos/specialty-1.png", "url": "https://themes.jozoor.com/html/joo/specialty/01/rtl/" },
						{ "title": "إبداعى 03", "image": "/demos/creative-3.png", "url": "https://themes.jozoor.com/html/joo/creative/03/rtl/" }
			]
		},
		"contact": {

			"page_title": {
				"title": "Contact Us",
				"description": "Break Through Self Doubt And Fear"
			},
			"contact_boxes": {
				"section_class": "get-in-touch contact-page",
				"heading_title": "Motivation how to build <br> trust at work",
				"link": "/pages/contact.html",
				"show_icon": true,
				"show_title": true,
				"show_text": true,
				"more_text": false,
				"boxes": [
					{
						"icon": "ion-ios-pin-outline",
						"title": "Address",
						"text": "295 Witting Streets Suite 666, <br> Melbourne, Australia"
					},
					{
						"icon": "ion-ios-call-outline",
						"title": "Phone",
						"text": "+ 123 5456 789 01 <br> + 123 5456 789 01"
					},
					{
						"icon": "ion-ios-mail-outline",
						"title": "Email",
						"text": "welcome@website.com <br> hello@site.co"
					}
				]
			},
			"contact_form": {
				"section_class": "contact-form",
				"heading_title": "Get in touch",
				"form_fields": [
					{
						"field_class": "is-horizontal",
						"control_class": "",
						"label": "",
						"label_class": "is-normal",
						"horizontal_fields": [
							{
								"field_class": "",
								"control_class": "is-expanded",
								"class": "input",
								"type": "text",
								"name": "name",
								"placeholder": "Your Name",
								"label": "",
								"label_class": "",
								"help_text": "",
								"help_class": "",
								"disabled": false,
								"readonly": false,
								"icon_left": {
									"icon": "",
									"class": ""
								},
								"icon_right": {
									"icon": "",
									"class": ""
								},
								"textarea_rows": "",
								"select_options": [],
								"radio_options": []
							},
							{
								"field_class": "",
								"control_class": "is-expanded",
								"class": "input",
								"type": "text",
								"name": "subject",
								"placeholder": "Your Subject",
								"label": "",
								"label_class": "",
								"help_text": "",
								"help_class": "",
								"disabled": false,
								"readonly": false,
								"icon_left": {
									"icon": "",
									"class": ""
								},
								"icon_right": {
									"icon": "",
									"class": ""
								},
								"textarea_rows": "",
								"select_options": [],
								"radio_options": []
							}
						]
					},
					{
						"field_class": "is-horizontal",
						"control_class": "",
						"label": "",
						"label_class": "is-normal",
						"horizontal_fields": [
							{
								"field_class": "",
								"control_class": "is-expanded",
								"class": "input",
								"type": "tel",
								"name": "phone",
								"placeholder": "Your Phone",
								"label": "",
								"label_class": "",
								"help_text": "",
								"help_class": "",
								"disabled": false,
								"readonly": false,
								"icon_left": {
									"icon": "",
									"class": ""
								},
								"icon_right": {
									"icon": "",
									"class": ""
								},
								"textarea_rows": "",
								"select_options": [],
								"radio_options": []
							},
							{
								"field_class": "",
								"control_class": "is-expanded",
								"class": "input",
								"type": "email",
								"name": "email",
								"placeholder": "Your Email",
								"label": "",
								"label_class": "",
								"help_text": "",
								"help_class": "",
								"disabled": false,
								"readonly": false,
								"icon_left": {
									"icon": "",
									"class": ""
								},
								"icon_right": {
									"icon": "",
									"class": ""
								},
								"textarea_rows": "",
								"select_options": [],
								"radio_options": []
							}
						]
					},
					{
						"field_class": "",
						"control_class": "is-expanded",
						"horizontal_fields": [],
						"class": "textarea",
						"type": "",
						"name": "textarea",
						"placeholder": "Your Message",
						"label": "",
						"label_class": "",
						"help_text": "",
						"help_class": "",
						"disabled": false,
						"readonly": false,
						"icon_left": {
							"icon": "",
							"class": ""
						},
						"icon_right": {
							"icon": "",
							"class": ""
						},
						"textarea_rows": "",
						"select_options": [],
						"radio_options": []
					},
					{
						"field_class": "",
						"control_class": "has-text-centered",
						"class": "button",
						"type": "button",
						"button_text": "Send message"
					}
				]
			},
			"google_maps": {
				"section_class": "google-maps",
				"heading_title": "",
				"image_placeholder": "global/google-maps.png"
			}

		},
		"about": {

		"page_title": {
			"title": "About us",
			"description": "Break Through Self Doubt And Fear"
		},
		"intro": {
			"section_class": "intro-about",
			"heading_title": "Mind Power the utimate <br> success formula",
			"logo_image": "logo/logo.png",
			"logos_folder": "logos/",
			"slider_folder": "slider/carousel/about/",
			"paragraph": "If you are interested in nicotine interchange methods to help stop smoking cigarettes, you might consider purchasing the patch or nicotine gum. The patch is just a patch that you apply everyd, If you are interested in nicotine interchange methods to help stop smoking cigarettes, you might consider purchasing the patch or nicotine gum. The patch is just a patch that you apply everyd, If you are interested in nicotine interchange methods to help stop smoking cigarettes, you might consider purchasing the patch or nicotine gum interchange methods to help stop smoking cigarettes.",
			"awards_logos": [
				{ "link": "#", "image_src": "1.png" },
				{ "link": "#", "image_src": "2.png" },
				{ "link": "#", "image_src": "3.png" }
			],
			"carousel_slider": [
				{ "image_src": "1.png" }, { "image_src": "2.png" }, { "image_src": "1.png" }
			]
		},
		"services_boxes": {
			"section_class": "services",
			"heading_title": "What We Do",
			"link": "/pages/services.html",
			"show_icon": true,
			"show_title": true,
			"show_text": true,
			"more_text": false,
			"boxes": [
				{
					"icon": "ion-ios-easel-outline",
					"title": "Planning",
					"text": "Climatology chronocrator puppysnatch leacher unrived tomentum insignia will go now harmoniousness rule again leacher unrived tomentum insignia harmoniousness."
				},
				{
					"icon": "ion-ios-cafe-outline",
					"title": "Decore",
					"text": "Climatology chronocrator puppysnatch leacher unrived tomentum insignia will go now harmoniousness rule again leacher unrived tomentum insignia harmoniousness."
				},
				{
					"icon": "ion-ios-people-outline",
					"title": "Consulting",
					"text": "Climatology chronocrator puppysnatch leacher unrived tomentum insignia will go now harmoniousness rule again leacher unrived tomentum insignia harmoniousness."
				}
			]
		},
		"team": {
			"section_class": "our-team",
			"heading_title": "our team",
			"link": "/pages/team.html",
			"images_folder": "team/",
			"show_image": true,
			"show_title": true,
			"show_categories": true,
			"show_text": true,
			"show_social_links": true,
			"list": [
				{
					"full_width": true,
					"image_src": "1.png",
					"title": "Olivia Allison",
					"categories": ["physiotherapist"],
					"text": "Fuidhir pinnately Gothicize impolite backcap soiree bookmate clan unkenning unnaturality. Fuidhir pinnately Gothicize impolite backcap soiree bookmate clan unkenning unnaturality. Fuidhir pinnately Gothicize impolite backcap soiree bookmate will go now.",
					"social_links": [
						{ "icon": "fab fa-facebook-f", "link": "#" },
						{ "icon": "fab fa-twitter", "link": "#" },
						{ "icon": "fab fa-instagram", "link": "#" }
					]
				},
				{
					"full_width": false,
					"image_src": "2.png",
					"title": "Olivia Allison",
					"categories": ["stylist"],
					"text": "Fuidhir pinnately Gothicize impolite backcap soiree bookmate clan unkenning unnaturality.",
					"social_links": [
						{ "icon": "fab fa-facebook-f", "link": "#" },
						{ "icon": "fab fa-twitter", "link": "#" },
						{ "icon": "fab fa-instagram", "link": "#" }
					]
				},
				{
					"full_width": false,
					"image_src": "3.png",
					"title": "Olivia Allison",
					"categories": ["stylist"],
					"text": "Fuidhir pinnately Gothicize impolite backcap soiree bookmate clan unkenning unnaturality.",
					"social_links": [
						{ "icon": "fab fa-facebook-f", "link": "#" },
						{ "icon": "fab fa-twitter", "link": "#" },
						{ "icon": "fab fa-instagram", "link": "#" }
					]
				},
				{
					"full_width": false,
					"image_src": "4.png",
					"title": "Olivia Allison",
					"categories": ["stylist"],
					"text": "Fuidhir pinnately Gothicize impolite backcap soiree bookmate clan unkenning unnaturality.",
					"social_links": [
						{ "icon": "fab fa-facebook-f", "link": "#" },
						{ "icon": "fab fa-twitter", "link": "#" },
						{ "icon": "fab fa-instagram", "link": "#" }
					]
				}
			]
		},
		"counters": {
			"section_class": "counters",
			"list": [
				{ "number": "68", "text": "great stories" },
				{ "number": "29", "text": "daily orders" },
				{ "number": "121", "text": "great stories" },
				{ "number": "430", "text": "daily orders" }
			]
		},
		"testimonials": {
			"section_class": "testimonials-list",
			"images_folder": "testimonials/",
			"show_image": true,
			"show_text": true,
			"show_author": true,
			"list": [
				{
					"image_src": "1.png",
					"text": "Any time we start something new it is exciting and we are very motivated and committed. As time goes by",
					"author": "Christina & Sandro"
				},
				{
					"image_src": "2.png",
					"text": "Any time we start something new it is exciting and we are very motivated and committed. As time goes by",
					"author": "Christina & Sandro"
				},
				{
					"image_src": "3.png",
					"text": "Any time we start something new it is exciting and we are very motivated and committed. As time goes by",
					"author": "Christina & Sandro"
				}
			]
		}

	}

}
